algorithm,n_members,group_size,average_distance
Random,84,2,16.927777777777774
Random,84,3,33.955555555555556
Random,84,4,61.34166666666666
