n_members,group_size,initial_group_time,optimization_time
12,4,0.0010701999999582767,0.7157501000001503
36,4,0.09683889999996609,2.0021013999999013
60,4,0.9153725000001032,2.996482300000025
84,4,3.728326499999639,4.203360800000155
96,4,6.713834600000155,5.475454399999762
216,4,191.02334930000006,11.762314799999785
